Автор поста;Вид автора поста;текст поста;дата поста
Никита;Заяц;Вчера в лесу прошел забавный конкурс на лучшее пение. Победила синичка!;26/8/2024
Алиса;Лис;Сегодня встретил в лесу стайку воробьев, которые радостно перекликались и развлекались в ветвях деревьев. Их живость и энергия всегда вдохновляют меня!;2/8/2024
Костя;Воробей;Сегодня встретил в лесу воробьев, радостно чирикающих на ветках. Их беспечное пение наполняет сердце радостью и легкостью!;2/6/2024
Мария;Лис;Утром услышал звуки выстрелов охотников. Пора этим убийцам прикончиться!;4/8/2024
Ольга;Енот;Утром наблюдал за игрой белок на поляне. Они были такими ловкими и забавными!;19/7/2024
Алена;Енот;Ночью наблюдал за светлячками, которые танцевали в темноте. Их свет был как маленькие звездочки на земле!;8/7/2024
Егор;Лис;Сегодня в лесу наткнулся на охотничью вышку. Как будто им всё ещё не хватает наших семейных ужинов! Я бы разрушил этот гнездовой мусор!;26/8/2024
Марина;Медведь;Сегодня встретил в лесу странную стрекозу, которая сверкала яркими красками на солнце. Она была настоящим украшением природы!;14/7/2024
Марина;Синица;Сегодняшний день начался с прекрасного рассвета. Ничто не сравнится с красотой природы в ранние часы утра.;10/8/2024
Мария;Медведь;На прогулке заметил, как последние листья падают с деревьев, словно прощаясь с летом. Этот грустный пейзаж напомнил о быстротечности времени и жизни.;19/6/2024
Марина;Лис;На утренней зарядке встретил семью летучих мышей, которые готовились к своему ночному полету. Они были такими вдохновляющими и свободными!;21/7/2024
Дмитрий;Воробей;Вы забираете у нас дом, а мы не останемся в стороне! Лесные животные восстают против вашей жестокости!;27/7/2024
Егор;Медведь;Наблюдал за игрой водоплавающих птиц на озере. Они так грациозно и легко плавают по воде!;29/7/2024
Дмитрий;Ворон;Сегодня встретил в лесу стаю воробьев, которые весело чирикали и радовались новому дню. Их беспечность и радость заразили меня оптимизмом и энтузиазмом.;8/8/2024
Ольга;Детял;На утренней зарядке увидел, как белки совершали акробатические трюки на деревьях. Они были такими ловкими и смелыми!;16/8/2024
Егор;Лис;На прогулке обнаружил стройплощадку, где безжалостно вырубали лес, чтобы построить еще один бесполезный торговый центр. Ненавижу этих застройщиков, которые уничтожают нашу зеленую жизнь!;20/6/2024
Алена;Синица;На прогулке обнаружил место, где раскинулись дикие цветы, создавая ковер из красок и ароматов. В этой красоте я нашел внутренний покой и восторг.;10/6/2024
Дмитрий;Еж;Сегодня встретил в лесу семью белок, играющих и веселящихся в своей игре. Их беспечность и радость заразили меня энергией и живостью.;19/8/2024
Егор;Ворон;Утром услышал пение птиц, разносящееся по лесу, словно живая мелодия, сочиненная самой природой. Эта гармония наполняет меня чувством восхищения и благодарности.;24/7/2024
Никита;Заяц;Сегодня встретил в лесу бабочек, раскрывающих свои яркие крылья на солнечных полянах. Их красота и легкость наполняют мое сердце радостью!;17/8/2024
Мария;Лис;Утром услышал звуки стрельбы охотников, убивающих наших друзей и соседей. Ненавижу всех этих убийц!;27/6/2024
Ольга;Ворон;Утром обнаружил, что на деревьях начали распускаться первые почки. Это был такой знак надвигающейся весны!;16/8/2024
Мария;Еж;Сегодня встретил в лесу семью белок, собирающих орехи для зимнего запаса. Их умение работать вместе и забота друг о друге вдохновляют на солидарность и поддержку!;28/6/2024
Алиса;Сорока;На прогулке обнаружил место, где раскинулись могучие дубы, образуя тень и укрытие для всех вокруг. Эти старые друзья напоминают мне о силе и стойкости в жизни!;26/7/2024
Дмитрий;Енот;Утром услышал грустный стон ветра, словно он рассказывал мне о своей скорби и потерях. В этом унылом мурлыкании я услышал отголоски своей собственной печали.;12/7/2024
Мария;Медведь;Наблюдал за игрой семьи бобров, которые строили новый плотину на реке. Они были такими умелыми и трудолюбивыми!;12/7/2024
Дмитрий;Сорока;Заметил, что в лесу появилась новая тропинка, ведущая к таинственной пещере. Оказывается, у нас еще есть много неоткрытых мест для исследований!;9/8/2024
Марина;Олень;Сегодня в лесу услышал мелодичное пение соловья. Его голос был таким чарующим и умиротворяющим!;1/6/2024
Мария;Детял;На прогулке обнаружил место, где росли увядшие цветы, утратившие свою красоту и жизненную силу. Этот горестный пейзаж напомнил о тленности и утрате.;15/6/2024
Никита;Медведь;Сегодня встретил в лесу угрюмого зайца, сидящего в уголке и смотрящего в никуда. Его потерянный взгляд напомнил мне о бесконечной пустоте внутри каждого из нас.;16/6/2024
Мария;Сорока;На прогулке обнаружил место, где раскинулись цветущие деревья, наполняя воздух ароматом весны. В этой красоте я нашел источник вдохновения и радости.;13/8/2024
Алиса;Воробей;Сегодня в лесу встретил стайку белок, играющих и веселящихся под солнечными лучами. Их беззаботность и радость заразили меня оптимизмом и энергией.;27/7/2024
Марина;Детял;Утром услышал стоны срубленных деревьев, которые вопили о своей утрате. Желаю всем этим злодеям, которые лишили их жизни, ощутить на себе гнев природы!;9/8/2024
Никита;Волк;На прогулке обнаружил место, где дикие розы распускаются на солнце. Этот натуральный шедевр напоминает мне о красоте и нежности в мире вокруг нас!;14/8/2024
Алена;Белка;Летом в лесу так приятно останавливаться у ручейка и ощущать прохладу его воды. Это такое блаженство!;16/8/2024
Марина;Олень;Утром услышал тихий вздох природы, словно мир скорбит о чем-то непостижимом. В этом молчаливом сигнале я услышал горечь собственного сердца, наполненного печалью и грустью.;23/8/2024
Никита;Заяц;На прогулке встретил стаю голубей, которые собирались на свою ежедневную встречу. Они были такими дружелюбными и общительными!;6/6/2024
Дмитрий;Белка;Сегодня встретил в лесу редкого дятла, который утверждал, что может стучать таким образом, чтобы вызвать дождь. Он был таким загадочным и талантливым!;13/6/2024
Никита;Медведь;Сегодня встретил в лесу целую армию бабочек, танцующих в воздухе и украшающих нашу зеленую стихию своими крыльями. Какое великолепие и изящество!;7/8/2024
Алена;Детял;Сегодня встретил в лесу семью белок, играющих и смеющихся под солнечными лучами. Их беззаботность и радость заразили меня оптимизмом и весельем.;13/7/2024
Алена;Ворон;На прогулке обнаружил место, где раскинулись дикие цветы, создавая ковер из красок и ароматов. В этой красоте я нашел внутренний покой и восторг.;25/7/2024
Егор;Медведь;На прогулке обнаружил маскированные ловушки для диких зверей. Пора всем этим браконьерам прекратить своё варварство!;1/8/2024
Мария;Волк;Заяц опять устроил гонки по лесу. Неужели он не устает от этой беготни?;13/6/2024
Егор;Олень;Сегодня встретил в лесу стайку воробьев, чьи глаза отражали невыразимую тоску и печаль. Их беспомощные крылья напомнили мне о боли и страданиях этого мира.;14/7/2024
Костя;Сорока;На утренней зарядке увидел, как белки прыгают с ветки на ветку, словно настоящие акробаты. Они были такими ловкими и умелыми!;7/7/2024
Егор;Ворон;Утром зашел в гости к барсуку, который рассказал мне о своих приключениях в лесу. Он был таким увлекательным собеседником!;5/7/2024
Алена;Детял;На прогулке обнаружил место, где растут дикие ягоды, изобилующие вкусом и ароматом. Этот натуральный подарок природы наполняет меня благодарностью и радостью!;26/6/2024
Марина;Воробей;Сегодня встретил в лесу группу строителей, готовых вырубить десятки деревьев ради своих корыстных интересов. Желаю им всех бед!;17/8/2024
Алена;Медведь;Сегодня обнаружил в лесу мусор, брошенный безответственными посетителями. Когда же люди научатся уважать окружающую среду?;20/6/2024
Никита;Лис;Сегодня встретил в лесу семью воробьев, перекликающихся между собой и радующихся жизни. Их бодрость и активность заразили меня энергией и живостью.;17/8/2024
Никита;Ворон;На прогулке встретил семью лисичек, которые играли в прятки среди листвы. Они были такими ловкими и смышлеными!;3/8/2024
Ольга;Белка;Осенние листья начали менять цвет. Лес становится настоящим ковром из золота и огня.;3/7/2024
Мария;Заяц;Ваша жестокость не останется безнаказанной! Лесные духи призываются на помощь, и мы не остановимся, пока не достигнем справедливости!;27/7/2024
Костя;Енот;Утром услышал печальный звук падающей капли дождя, словно слеза, упавшая с небес. В этом моменте я услышал горечь собственного сердца, наполненного печалью и грустью.;4/6/2024
Костя;Сорока;Сегодня в лесу заметил маленького ежика, который с трудом перепрыгивал ветки. Он был таким милым и смешным!;15/6/2024
Дмитрий;Еж;На прогулке заметил, что у деревьев появились первые бутончики. Это такое волшебство видеть, как просыпается природа!;6/7/2024
Дмитрий;Медведь;На прогулке обнаружил место, где тихо журчит ручей, образуя маленькие водопадики. Этот звук напоминает мне о бесконечном потоке жизни и его красоте!;6/6/2024
Ольга;Волк;Утром услышал шум деревьев, колышущихся под легким ветром. Этот звук наполняет меня чувством спокойствия и гармонии с природой!;7/6/2024
Костя;Енот;Утром услышал звуки животных, пробуждающихся на рассвете и начинающих свой день. Как здорово быть частью этого живого и гармоничного мира!;13/6/2024
Алена;Синица;На прогулке обнаружил место, где раскинулись деревья, создавая уютную тень и укрытие для всех живых существ. В этом уголке природы я нашел покой и спокойствие.;3/7/2024
Семен;Енот;Сегодня встретил в лесу семью белок, играющих и смеющихся под солнечными лучами. Их беззаботность и радость заразили меня оптимизмом и весельем.;25/7/2024
Ольга;Сорока;Сегодня нашли остатки пикника. Люди, будьте ответственными и убирайте за собой!;1/6/2024
Костя;Лис;Утром услышал радостный гомон леса, наполненного звуками животных и пения птиц. В этой живой симфонии я нашел свое место и свое счастье.;8/6/2024
Семен;Заяц;Утром услышал радостный шум ручья, бегущего по своему руслу среди зелени. В этом звуке я нашел мелодию своей души и радость жизни.;26/8/2024
Дмитрий;Олень;Утром услышал радостный гомон леса, наполненного звуками животных и пения птиц. В этой живой симфонии я нашел свое место и свое счастье.;19/6/2024
Алиса;Синица;Заметил, что в лесу появилась новая поляна с сочной травой. Она была словно приглашение для всех животных на пикник!;17/8/2024
Семен;Детял;Опять забыл, где спрятал свои запасы на зиму. Лиса пообещала помочь мне искать, как только закончится ее вечеринка.;8/7/2024
Мария;Медведь;На прогулке обнаружил водоем, загрязненный химическими отходами, выброшенными бездушными компаниями. Ненавижу этих злодеев, которые отравляют нашу воду и наше будущее!;3/8/2024
Алиса;Еж;На утренней прогулке увидел, как семья лисиц охотилась на мышей. Они были такими ловкими и стратегичными в своем подходе!;2/6/2024
Алиса;Белка;Сегодня встретил в лесу необычного крылатого жучка. Он был таким крошечным и красивым!;3/7/2024
Костя;Медведь;На прогулке услышал громкий шум водопада вдалеке. Это был такой могучий и внушительный звук природы!;9/8/2024
Алена;Детял;Сегодня встретил в лесу пару енотов, играющих и веселящихся в своей норе. Их бодрость и активность заразили меня энтузиазмом и жизненной энергией.;14/7/2024
Никита;Волк;Сегодня встретил в лесу стаю воробьев, чирикающих и веселящихся в своем обществе. Их радость и беспечность подарили мне улыбку и радость.;24/6/2024
Алена;Лис;Утром услышал грохот дорожной стройки, которая грозит разрушить наш уютный уголок. Желаю всем этим строителям оказаться в руинах своих же проектов!;20/6/2024
Егор;Медведь;Утром услышал радостный гомон леса, наполненного звуками животных и пения птиц. В этой живой симфонии я нашел свое место и свое счастье.;9/7/2024
Егор;Енот;Утром услышал шум лесных ручьев, бегущих среди камней и создающих свои мелодичные песни. Какое умиротворение и гармония в этих звуках!;10/8/2024
Дмитрий;Детял;Утром встретил стайку бабочек, которые кружили в воздухе, словно танцуя вместе с ветром. Они были такими изящными и прекрасными! ";6/6/2024
Семен;Белка;Заметил, что наши ветки стали немного длиннее. Видимо, весна уже близко!;21/6/2024
Никита;Сорока;На дне реки нашел затонувший сундук. Наверное, это был клад старого пирата!;14/8/2024
Алена;Еж;Утром услышал грохот пилы, рубящей ветки для костров. Эти безмозглые твари не знают, что такое экосистема!;29/6/2024
Марина;Олень;Совы снова устроили ночной концерт. Они такие талантливые музыканты!;8/6/2024
Егор;Олень;На утренней зарядке встретил семью барсуков, которые устроили свой собственный фитнес-тренинг. Они такие упорные и настойчивые!;24/8/2024
Ольга;Заяц;Проклятые охотники! Если вы еще раз появитесь в моем лесу, я сделаю вас моей следующей пищей!;14/6/2024
Никита;Воробей;На обед сегодня приготовил ягодный компот из свежих ягод. Он так освежает в жаркий день!;23/8/2024
Алиса;Волк;На прогулке обнаружил дикие ягоды, зреющие на кустах. Скоро наступит время сбора, и мы сможем насладиться их сочным вкусом!;9/6/2024
Семен;Лис;Сегодня встретил в лесу семью белок, играющих и смеющихся под солнечными лучами. Их беззаботность и радость заразили меня оптимизмом и весельем.;4/6/2024
Ольга;Медведь;Сегодня нашел новое укрытие для зимы. Спасибо, сове, за подсказку!;29/7/2024
Дмитрий;Сорока;Сегодня встретил странную крылатую белку, которая заявила, что хочет стать первым лесным пилотом. Кто знает, что придумает следующим!;16/8/2024
Ольга;Медведь;Утром услышал радостный гомон леса, наполненного звуками природы и пение птиц. В этой живой симфонии я нашел вдохновение и радость.;23/6/2024
Марина;Белка;Сегодня в лесу встретил редкую птицу, которая имела крылья, покрытые золотыми перьями. Она была настоящим сокровищем природы!;9/8/2024
Ольга;Белка;Опять забыл, где спрятал запасы. Надеюсь, они не испортятся до весны.;2/6/2024
Алиса;Лис;Сегодня в лесу устроили вечеринку под открытым небом. Все животные собрались вместе, чтобы отпраздновать нашу жизнь в этом прекрасном мире!;22/6/2024
Костя;Воробей;Утром услышал радостный шепот листвы, поглощающей свет солнца и наполняющей воздух свежестью. В этом звуке я нашел вдохновение и покой.;20/8/2024
Костя;Волк;Сегодня встретил в лесу одинокого ворона, сидящего на ветке и грустно кричащего в никуда. Его скорбные звуки напомнили мне о боли и страданиях этого мира.;1/8/2024
Никита;Волк;Утром услышал радостный гомон леса, наполненного звуками животных и пения птиц. В этой живой симфонии я нашел свое место и свое счастье.;24/6/2024
Марина;Лис;Сегодня встретил в лесу назойливого москита, который кусал меня с утра. Хочется их всех выжечь вместе с лесом!;26/7/2024
Костя;Сорока;Поймал на рыбалке редкую рыбу-певучку, которая пела прекрасные мелодии под водой. Это было настоящее волшебство!;30/8/2024
Мария;Воробей;Сегодня в лесу устроили выставку изделий из природных материалов. Было так много красивых и интересных вещей, сделанных руками животных!;21/8/2024
Алиса;Волк;В лесу появилась новая ягодная поляна. Надеюсь, медведь не найдет ее первым!;17/8/2024
Марина;Детял;Медведь проводит медитацию у водопада. Думает, это поможет ему найти внутренний покой.;13/6/2024
Никита;Ворон;Утром услышал гул лесозаготовительной техники, которая вырубала наши дома. Желаю этим деревоубийцам всеобщего проклятия!;29/7/2024
Костя;Сорока;Сегодня встретил в лесу беспардонного зверобоя, который уничтожал наших друзей и соседей ради своих бесчеловечных целей. Ему бы самому стать добычей!;5/7/2024
Алена;Енот;Утром услышал шум ветра в листве, создавающий мелодичный шепот деревьев. Какое умиротворение приносит этот звук!;6/8/2024
Егор;Еж;Сегодня встретили лосося, который решил поднять настроение всем рыбкам в реке.;28/8/2024
Костя;Олень;Сегодня встретил в лесу стадо оленей, пасущихся на зеленых лугах. Их изящество и грация наполнили меня чувством восхищения и благоговения перед природой.;22/6/2024
Алена;Заяц;Утром слышал странные звуки издалека. Может, это волшебные существа проводили свой таинственный обряд?;13/8/2024
Алена;Лис;Сегодня встретил в лесу семью воробьев, перекликающихся между собой и радующихся жизни. Их бодрость и активность заразили меня энергией и живостью.;9/8/2024
Дмитрий;Енот;Сегодня встретил в лесу необычного жука, который утверждал, что научился танцевать в ритме природы. Он был таким веселым и непредсказуемым!;8/6/2024
Никита;Детял;На прогулке обнаружил место, где раскинулись деревья, создавая уютную аллею для прогулок. В этой зеленой галерее я нашел вдохновение и покой.;23/7/2024
Егор;Синица;В лесу прошел творческий вечер, где каждый мог поделиться своими историями и талантами. Было так много вдохновения в воздухе!;30/6/2024
Марина;Лис;Сегодня в лесу наткнулся на капканы, установленные браконьерами. Им всё равно на то, что они наносят природе...;6/6/2024
Никита;Детял;Наблюдал за игрой бобра в воде. Он так умело строит свои плотины и создает уютное место для жизни!;14/6/2024
Костя;Синица;Утром услышал шум ветра в листве, создающий мелодичные звуки. Этот звук как призыв к гармонии и спокойствию в душе!;9/6/2024
Дмитрий;Еж;Утром услышал радостный шум ручья, бегущего по своему руслу среди зелени. В этом звуке я нашел мелодию своей души и радость жизни.;14/6/2024
Мария;Воробей;Утром в лесу наткнулся на пустую клетку, в которой раньше жила семья белок. Боюсь, им что-то случилось...;17/8/2024
Никита;Ворон;Утром услышал радостный шепот листвы, поглощающей лучи утреннего солнца. В этом моменте я ощутил близость природы и ее живой энергии.;7/7/2024
Костя;Синица;На прогулке обнаружил место, где раскинулись деревья, создавая уютную аллею для прогулок. В этом зеленом уголке я нашел умиротворение и спокойствие.;22/7/2024
Алиса;Енот;Утром проснулся от пения соловья. Это лучший будильник в мире!;12/7/2024
Марина;Синица;Утром услышал слабый плач ручья, текущего сквозь камни, словно он рыдал над своей утратой и тленностью. В этом грустном звуке я услышал отголоски своей собственной печали и утраты.;13/8/2024
Костя;Лис;Мы не дадим вам уничтожить наше естество без борьбы! Приготовьтесь к сражению, мы готовы защищать наш лес!;11/7/2024
Никита;Енот;Поймал на рыбалке редкую золотую рыбку, которая обещала исполнить мне одно желание. Но я решил отпустить ее назад, ведь лучшее желание - это свобода!;3/8/2024
Никита;Воробей;В лесу устроил пикник с друзьями. Ничто не сравнится с атмосферой природы и вкусом свежих ягод!;23/7/2024
Алена;Белка;Сегодня встретил в лесу семью белок, играющих и смеющихся под солнечными лучами. Их беззаботность и радость заразили меня оптимизмом и весельем.;22/6/2024
Алиса;Синица;Сегодня встретил странный след на тропе. Может быть, это был след дикого зверя или что-то более загадочное?;11/8/2024
Семен;Воробей;Подслушал разговор лесных птиц о том, что скоро начнется их миграция на юг. Желаю им безопасного путешествия!;22/6/2024
Дмитрий;Сорока;Сегодня встретил в лесу семью воробьев, перекликающихся между собой и радующихся жизни. Их бодрость и активность заразили меня энергией и живостью.;28/7/2024
Никита;Воробей;Утром встретил странную птицу с ярко-красным оперением. Кажется, она была послана сюда специально для меня!;15/6/2024
Никита;Сорока;Сегодня встретил в лесу группу шумных туристов, которые оставили за собой мусор. Я бы им показал, как они мусорят на своей улице!;9/7/2024
Никита;Детял;На прогулке услышал, как деревья шептали друг другу о приближающемся снегопаде. Они были такими заботливыми и внимательными к изменениям!;8/7/2024
Никита;Еж;Утром зашел в гости к бобру, который показал мне свои последние творения из дерева. Он был таким гордым своими работами!;12/8/2024
Алиса;Заяц;Утром услышал радостный шум ручья, бегущего по своему руслу среди зелени. В этом звуке я нашел мелодию своей души и радость жизни.;17/7/2024
Дмитрий;Заяц;Утром услышал шум ветра в листве, создающий мелодичные звуки. Этот звук как призыв к гармонии и спокойствию в душе!;4/8/2024
Костя;Волк;Сегодня встретил в лесу группу бабочек, кружащих вокруг цветов. Их легкость и красота заставляют меня верить в чудеса и прекрасное в мире!;9/8/2024
Семен;Заяц;Сегодня в лесу встретил странного дикобраза, который утверждал, что может лечить своими иглами. Он был таким загадочным и удивительным!;26/8/2024
Егор;Волк;Сегодня встретил странный куст. Кажется, он был обсажен маленькими магическими цветами.;24/8/2024
Алиса;Ворон;Сегодня встретил в лесу оленей, пасущихся на лугах и наслаждаясь своей свободой. Вид их спокойствия наполняет мое сердце радостью!;19/6/2024
Мария;Синица;На утренней прогулке встретил семью косуль. Они такие изящные и красивые!;15/6/2024
Семен;Лис;Сегодня в лесу наткнулся на брошенный костёр, который мог привести к лесному пожару. Эти безумцы заслуживают максимального наказания!;4/6/2024
Егор;Волк;Сегодня в лесу встретил странного енота, который утверждал, что обучился телепортироваться. Кто знает, куда он отправится следующим?;9/8/2024
Егор;Волк;Утром услышал слабый стон деревьев, склонившихся под гнетом времени и судьбы. В этом печальном звуке я услышал отголоски своей собственной печали и утраты.;21/6/2024
Алена;Заяц;Утром услышал радостный трели птиц, заполнивших лес своей мелодией и песней. В их гармонии я нашел чувство спокойствия и умиротворения.;3/7/2024
Никита;Волк;На утренней прогулке встретил семью лисят, которые играли в прятки. Они такие шустрые и умелые!;15/6/2024
Марина;Синица;Наблюдал за строительством гнезда у семейства воробьев. Впечатляющая работа!;7/8/2024
Мария;Синица;На прогулке обнаружил лесозаготовительную площадку. Какого чёрта они тут делают?! Хочется всех выгнать из нашего дома!;23/8/2024
Алиса;Воробей;Утром услышал радостный трели птиц, заполнивших лес своей мелодией и песней. В их гармонии я нашел чувство спокойствия и умиротворения.;1/8/2024
Егор;Медведь;Ночью слышали странные звуки из леса. Может, это пришельцы из космоса?;21/8/2024
Дмитрий;Белка;Утром услышал пение жаворонков, взмывающих в небо на рассвете. Их свободный полет и песни наполняют меня чувством восторга и надежды!;30/6/2024
Никита;Ворон;Утром услышал слабый плач ветра, несущего в себе горечь утраченных мечт и разбитых надежд. В этом печальном вохлице я услышал отголоски своей собственной печали.;26/7/2024
Никита;Лис;На прогулке услышал, как деревья шептали друг другу о приближающейся грозе. Они такие мудрые и внимательные к природным явлениям!;26/8/2024
Марина;Енот;Утром услышал радостный шум ручья, бегущего по своему руслу среди зелени. В этом звуке я нашел мелодию своей души и радость жизни.;22/8/2024
Никита;Еж;Утром услышал, как деревья шумели ветром, создавая невероятно успокаивающий звук. Это было словно природная мелодия для медитации!;13/8/2024
Дмитрий;Синица;Опять забыл, где спрятал свои запасы на зиму. Надеюсь, они не найдутся случайные прохожие или лесные хищники!;27/6/2024
Егор;Синица;На прогулке обнаружил огромные пожарища после лесных пожаров. Я бы сам поджёг тех, кто в этом виноват!;17/6/2024
Егор;Лис;Наблюдал за игрой лисенка и енота. Они такие шустрые и веселые, словно дети!;24/6/2024
Егор;Олень;Утром услышал звуки ручья, петляющего среди камней и образующего живописные водопадики. Как приятно слушать эту музыку природы!;4/6/2024
Марина;Сорока;На прогулке заметил, что всё больше деревьев становятся жертвами пожаров. Каждый раз это становится всё более обыденным и пугающим.;12/8/2024
Алена;Синица;Сегодня встретил в лесу умирающего оленя, которому не хватает еды из-за вырубки леса. Это прямо сердце разрывает...;6/6/2024
Ольга;Белка;Сегодня утром заметил, что лесные грибы выросли в форме сердца. Любовь к природе везде присутствует!;17/7/2024
Мария;Сорока;Сегодня в лесу устроили масштабное празднование дня рождения медведя. Было так весело и празднично!;28/7/2024
Алена;Олень;Сегодня встретил в лесу странного барсука, который утверждал, что нашел карту сокровищ на дне реки. Кто знает, что он там нашел на самом деле?;19/6/2024
Марина;Лис;Сегодня в лесу была настоящая охота за лесными ягодами. Кажется, все животные были в поисках своего вкусного угощения!;22/7/2024
Егор;Детял;На прогулке обнаружил место стоянки транспорта, оставленного без всякого уважения к природе. Они никогда не научатся ценить то, что имеют!;24/6/2024
Ольга;Волк;Утром услышал пение лесных птиц, наполняющее воздух своей мелодией. Это звучание уносит меня в мир гармонии и благополучия!;2/8/2024
Алена;Синица;На прогулке обнаружил место, где выросло заброшенное гнездо, напоминающее об утраченных связях и утраченных связях. Этот образ пустоты напомнил о горькой реальности утраты.;10/7/2024
Дмитрий;Еж;Утром услышал шум строительной техники, которая безжалостно вырубала лесной массив ради новых строений. Эти безумные строители заслуживают, чтобы их проекты обрушились на них самих!;24/6/2024
Мария;Сорока;Утром услышал шепот деревьев, молчаливо передающих свои тысячелетние истории. В этом мгновении я чувствую себя частью вечного круга жизни.;16/8/2024
Костя;Синица;Заметил, что в лесу начали появляться первые цветы. Они были такими красочными и ароматными!;13/7/2024
Алена;Еж;Утром услышал гул моторов лесозаготовительной техники, вырубающей десятки деревьев в минуту. Желаю всем этим злодеям скорее оказаться под падающими бревнами!;7/7/2024
Алена;Ворон;Совы сегодня заметили странного птичьего гостя в наших лесах. Что это за птица, не понятно.;5/7/2024
Марина;Сорока;Сегодня в лесу встретил странную птицу с длинным хохолком. Она была словно модель на подиуме природы!;28/8/2024
Ольга;Лис;Сегодня утром встретил семью летучих мышей, которые мигрировали на юг. Надеюсь, им удастся найти теплое место для зимовки!;25/8/2024
Алиса;Сорока;Утром услышал радостный шепот листвы, поглощающей лучи утреннего солнца. В этом моменте я ощутил близость природы и ее живой энергии.;14/8/2024
Егор;Белка;Нашел новую ягодную поляну. Чувствую, здесь скоро будет самый вкусный урожай!;26/6/2024
Алиса;Сорока;На прогулке обнаружил место, где росло увядшее дерево, терявшее свои листья и свою силу. Этот образ утраты напомнил о бессмысленности и непостижимости жизни.;6/6/2024
Ольга;Олень;На прогулке обнаружил останки дикого животного, погибшего от отравления химикатами. Эти бездушные преступники заслуживают максимального наказания за свои злодеяния!;30/6/2024
Егор;Еж;На прогулке обнаружил в лесу чистый ручей, из которого можно пить воду, не опасаясь за свое здоровье. Какое благословение иметь такие источники живой воды!;14/6/2024
Костя;Синица;На прогулке обнаружил место, где росли увядшие цветы, утратившие свою красоту и свой аромат. Этот образ печали напомнил о бессмысленности и непостижимости жизни.;5/7/2024
Алиса;Заяц;Утром услышал радостный трели птиц, заполнивших лес своей мелодией и песней. В их гармонии я нашел чувство спокойствия и умиротворения.;19/8/2024
Егор;Енот;Утром услышал слабый шепот ветра, приносящего весть о скором приближении дождя. Но даже в этом предвестии столь мимолетного события есть своя красота и загадка.;5/6/2024
Егор;Сорока;Ваши безумные забавы остановятся! Ни одно дерево больше не пострадает от вашего эгоизма!;23/6/2024
Алиса;Сорока;Утром услышал шорох листьев под моими ногами, напоминающий мне о бесконечном движении и цикличности жизни в природе. Каждый шаг - часть этой гармонии!;27/6/2024
Мария;Ворон;Утром услышал радостный гомон леса, наполненного звуками природы и пение птиц. В этой живой симфонии я нашел вдохновение и радость.;25/8/2024
Дмитрий;Еж;Наш лес не ваша строительная площадка! Покидайте его немедленно, иначе вам придется иметь дело с нами!;10/8/2024
Дмитрий;Волк;На прогулке заметил, что грибы начали пробиваться сквозь листья. Скоро начнется настоящий грибной сезон!;14/8/2024
Марина;Ворон;На прогулке обнаружил участок леса, покрытый толстым слоем маслянистой нефти. Какие-то безмозглые мерзавцы совершили настоящую экологическую катастрофу!;24/6/2024
Никита;Еж;Утром услышал далекий грохот тяжёлой техники. Желаю всем тем, кто портит наш лес, проклятия и неудачи!;2/6/2024
Костя;Енот;На прогулке услышал, как деревья шептали друг другу о приближающемся дожде. Они были такими внимательными и заботливыми друг к другу!;21/6/2024
Никита;Синица;На прогулке обнаружил группу студентов-экскурсантов, которые безудержно шумели и нарушали мир в нашем лесу. Пора бы им всем учебные годы провести в полной изоляции от цивилизации!;8/8/2024
Мария;Заяц;На прогулке обнаружил место, где раскинулись цветущие деревья, наполняя воздух ароматом весны. В этой красоте я нашел источник вдохновения и радости.;20/6/2024
Егор;Ворон;Утром услышал шум листвы под ногами, воспоминание о котором вызывает чувство ностальгии и тепла. В этом моменте простоты я нашел истинное счастье.;22/6/2024
Дмитрий;Еж;Сегодня встретил в лесу семью оленей, пасущихся на зеленых лугах. Их изящество и красота наполнили меня чувством восхищения и благодарности.;11/8/2024
Семен;Ворон;Сегодня встретил в лесу странного дикобраза, который утверждал, что обладает магическими способностями. Он был таким загадочным!;17/8/2024
Семен;Сорока;Утром услышал радостный шепот листвы, поглощающей лучи утреннего солнца. В этом моменте я ощутил близость природы и ее живой энергии.;24/6/2024
Никита;Детял;Подслушал разговор белок о том, что скоро начнется сбор урожая орехов. Они так с нетерпением ждут этого времени года!;8/7/2024
Алена;Белка;Заметил, что у березы начали распускаться первые почки. Весна не за горами!;21/8/2024
Марина;Воробей;Сегодня заметил, что в ручьях стало меньше воды, а реки высохли. Последствия изменения климата становятся все более ощутимыми.;5/7/2024
Егор;Медведь;Осенние листья так красиво шуршат под лапами! Люблю эту пору года.;6/6/2024
Егор;Медведь;Утром услышал грустный плач совы, отзывающейся на мой собственный внутренний голос скорби и потери. В этом горьком звуке я услышал отголоски своей собственной печали.;7/8/2024
Дмитрий;Лис;Подслушал разговор енотов о том, что они планируют поход за ягодами в ближайший лес. Они такие организованные!;26/8/2024
Марина;Лис;На прогулке обнаружил место, где раскинулись дикие ягоды, наполняя воздух ароматом свежести и сладости. В этом моменте я нашел умиротворение и удовлетворение.;7/8/2024
Дмитрий;Ворон;Слышал, что белки собираются устроить лесной пикник. Обязательно присоединюсь!;8/8/2024
Мария;Синица;Вот это сюрприз! На моей дубинке выросли грибы! Кто бы мог подумать?;20/6/2024
Ольга;Медведь;Сегодня встретил в лесу группу подростков, которые разрушали деревья. Желаю им самых страшных кошмаров!;5/6/2024
Марина;Синица;В лесу появился новый гость - ёжик-путешественник. Он принес с собой много интересных историй!;17/8/2024
Семен;Детял;Утром услышал печальный визг волка, голодающего и одинокого, как и я сам. В его звуке я услышал отголоски своей собственной боли и страданий.;16/7/2024
Мария;Белка;Сегодня встретил в лесу пару енотов, играющих и бегающих в своей норе. Их беспечность и радость заразили меня энтузиазмом и живостью.;28/8/2024
Егор;Еж;Опять забыла, где спрятала свои сокровища. Лисичка, это уже становится традицией!;9/7/2024
Ольга;Белка;Оставьте наш лес в покое, иначе мы будем вынуждены применить к вам наше лесное законодательство!;19/7/2024
Мария;Воробей;Мои малыши наконец-то научились летать! Это такое чудо видеть, как они растут.;4/8/2024
Алена;Лис;Сегодня в лесу встретил редкую бабочку с прозрачными крыльями. Она была как прекрасный хрустальный ювелирный изделие природы!;4/6/2024
Алена;Енот;Сегодня встретил в лесу диких кроликов, прыгающих среди высокой травы. Их беспечность и радость заражают всех вокруг!;11/6/2024
Марина;Волк;Сегодня встретил в лесу пару белок, суетливо собирающих орехи для будущей зимы. Их трудолюбие и организованность вызывают уважение и восхищение.;29/8/2024
Мария;Енот;На прогулке обнаружил место, где распускаются первые почки на деревьях, признак прихода весны. В этом знаке новой жизни я нашел надежду и оптимизм.;24/7/2024
Дмитрий;Волк;Сегодня встретил странную птицу с ярко-красным оперением. Кажется, это был экзотический гость из далеких земель!;5/6/2024
Никита;Белка;Сегодня встретил в лесу обглоданное трупом оленя. Видимо, его попал хищник из-за сокращения природного убежища. Это такой удар для биоразнообразия...;8/7/2024
Алиса;Медведь;На прогулке обнаружил место, где раскинулись дикие ягоды, наполняя воздух ароматом свежести и сладости. В этом моменте я нашел умиротворение и удовлетворение.;26/7/2024
Семен;Детял;На утренней зарядке встретил стайку дятлов, которые громко стучали по деревьям. Они были такими энергичными и настойчивыми!;20/7/2024
Никита;Детял;Сегодня встретил в лесу странную птицу, которая утверждала, что может видеть будущее. Она была такой загадочной и мистической!;8/8/2024
Семен;Медведь;Лисица устроила показ мод в лесу. Все в восторге от ее модного чувства!;26/7/2024
Семен;Детял;На прогулке обнаружил место, где птицы собирают материал для гнезд. Этот процесс создания новой жизни наполняет меня чувством удивления и восхищения перед природой!;24/8/2024
Марина;Воробей;На прогулке обнаружил место, где стоял заброшенный гнездовой дом, оставшийся без своих обитателей. Этот образ пустоты напомнил о временности и непостоянстве всего вокруг.;17/7/2024
Алена;Заяц;На утренней зарядке встретил семью ежей, которые делали зарядку вместе. Они такие смешные со своими колючками!;11/7/2024
Мария;Сорока;Сегодняшний дождь такой освежающий! Не могу дождаться, чтобы прыгнуть в лужу.;2/7/2024
Дмитрий;Медведь;Утро началось с хороших новостей: у нашей семьи прибавление! Новые енотята очаровательны.;29/7/2024
Ольга;Белка;Сегодня встретил оленя, который рассказал мне о своих приключениях в глубине леса.;20/8/2024
Алена;Ворон;На прогулке обнаружил место, где раскинулись цветущие деревья, наполняя воздух ароматом весны. В этой красоте я нашел источник вдохновения и радости.;3/6/2024
Алена;Сорока;Осьминог нашел способ ходить по земле. Кто бы мог подумать, что он такой умный!;9/6/2024
Дмитрий;Детял;Сегодня утром заметил странный след на тропе. Может, это был след чудища из глубины леса?;29/7/2024
Ольга;Волк;Сегодня вечером планирую устроить лесной концерт. Надеюсь, все жители придут!;18/6/2024
Костя;Заяц;Утром услышал радостный шепот листвы, поглощающей лучи утреннего солнца. В этом моменте я ощутил близость природы и ее живой энергии.;9/7/2024
Костя;Медведь;В лесу снова появились грибные барышни. Они такие красивые и вкусные!;7/6/2024
Егор;Синица;Сегодня в лесу наткнулся на ловушку, поставленную бездушными охотниками. Они заслуживают наказания за свою жестокость!;7/6/2024
Мария;Ворон;На прогулке обнаружил остатки дождевых луж, оставшихся после прошедшего ливня. Эти маленькие водоемы напоминают о красоте и живучести природы!;5/6/2024
Егор;Енот;На прогулке обнаружил загрязненное озеро, в котором раньше купались рыбы и птицы. Это прямо катастрофа для экосистемы!;28/7/2024
Костя;Волк;Сегодня встретил в лесу стаю птиц, исполняющих свои песни и наполняющих воздух радостью. Их мелодии заразили меня энергией и восторгом.;5/8/2024
Алена;Медведь;На прогулке обнаружил место скопления браконьеров, устраивающих настоящий кровавый пир в наших святых лесах. Пора бы им встретиться лицом к лицу с настоящими хищниками!;22/6/2024
Егор;Сорока;Снова забыл, где спрятал свои запасы на зиму. Надеюсь, не заметит это медведь.;9/6/2024
Семен;Детял;На прогулке обнаружил место, где раскинулись деревья, образуя уютную аллею для прогулок. В этом зеленом уголке я нашел умиротворение и спокойствие.;15/8/2024
Мария;Волк;Сегодня встретил в лесу диких кроликов, пасущихся на лугах. Их непосредственность и простота заставляют задуматься о простых радостях жизни.;3/6/2024
Марина;Детял;Сегодня в лесу была такая чистота и свежесть в воздухе, что каждый вдох наполнял меня новой энергией и оптимизмом.;4/7/2024
Алиса;Синица;На прогулке обнаружил место, где стояла высохшая и пустая нора, символизирующая утраченные дома и утраченные надежды. Этот образ уничтожения напомнил о бессмысленности нашего бытия.;3/8/2024
Марина;Синица;На прогулке обнаружил место, где росли дикие ягоды, наполняя воздух ароматом свежести и сладости. В этом моменте я нашел умиротворение и удовлетворение.;27/7/2024
Дмитрий;Белка;Ночью слышал странные звуки. Может, это лесные феи готовили волшебное зелье?;24/7/2024
Дмитрий;Лис;На прогулке обнаружил свежие следы дикого кабана, который недавно прошел мимо. Эти величественные животные напоминают мне о силе и дикой красоте природы!;8/6/2024
Дмитрий;Синица;Утром услышал шепот листьев в ветре, создающий мелодичный фон для начала нового дня. Этот звук напоминает мне о спокойствии и уверенности в прекрасном будущем!;14/8/2024
Дмитрий;Белка;На прогулке встретил семью ежей, которые собирались на свою ежегодную вечеринку. Они такие веселые и дружелюбные!;21/8/2024
Егор;Белка;Заметил, что у водопада появился новый обитатель - рыба-акробат. Она так красиво прыгала из воды!;23/8/2024
Семен;Белка;Сегодня встретил в лесу семью косуль, пасущихся на поляне. Их изящество и спокойствие напоминают мне о красоте и гармонии в природе!;19/7/2024
Семен;Синица;Не смейте трогать наш лес! Вас ждет горе, если вы продолжите свои безумные действия!;16/6/2024
Костя;Енот;Встретил странного кролика, который утверждает, что умеет говорить с цветами.;27/7/2024
Ольга;Синица;На утренней прогулке услышал веселое пение лесных птиц. Они так прекрасно поднимают настроение своими мелодиями!;15/8/2024
Семен;Белка;На прогулке обнаружил пожарище, оставшееся после лесного пожара, который начался из-за безответственного отношения людей к природе. Пора бы этим пироманьякам самим почувствовать на себе пламя!;3/7/2024
Ольга;Еж;Сегодня в лесу увидел небольшой лесной ручеёк, который игриво петлял среди камней. Его звук был как пение самой природы!;15/7/2024
Никита;Волк;Сегодня в лесу наткнулся на группу туристов, которые бросали окурки в наши чистые ручьи. Я бы их всех задушил!;24/8/2024
Мария;Волк;Сегодня в лесу заметил странное свечение. Кажется, это был след за встречей дружественных лесных фей.;10/6/2024
Семен;Олень;Слышал шепот деревьев от ветра. Лучшая колыбельная для ежат!;26/8/2024
Егор;Заяц;Сегодня встретил в лесу ручей, бурлящий своими прозрачными водами. Как замечательно иметь возможность напиться свежей и чистой воды прямо из источника!;28/7/2024
Марина;Олень;На прогулке обнаружил место, где раскинулись могучие дубы, образуя тень и укрытие для всех вокруг. Эти старые друзья напоминают мне о силе и стойкости в жизни!;9/8/2024
Ольга;Олень;Сегодня встретил в лесу семью оленей, пасущихся на зеленых лугах. Их изящество и красота наполнили меня чувством восхищения и благодарности.;30/8/2024
